country,mortality,increase_mort,smoke_prev,increse_smoke,CO,uplift_CO,O3,uplift_O3,Economy (GDP per Capita)
Afghanistan,70.4775,-0.7899999999999991,24.899999618530273,-0.7333335876464844,0.1895209315,-0.001297483000000002,0.058226421581198826,0.00043743880836757433,0.3588918044185637
Albania,19.92,-0.09499999999999975,24.050000190734863,-0.7000001271565756,0.146900025,-0.004212915000000005,0.05979588011620378,0.0005360255856111003,0.936540688328743
Algeria,31.21,-0.3075000000000001,21.050000190734863,-0.03333346048990882,0.214399955,-0.0020187857500000017,0.0625168719992514,0.0010553038694882735,1.015703616666795
Andorra,25.87,-0.129999999999999,32.0,-1.0,0.146827911,-0.004895050999999984,0.0544831654626124,-0.00046049647327259935,1.121857453009605
Angola,48.465,-1.0050000000000026,22.9699999332428,0.0,0.260055258,-0.02151016850000001,0.048558504261661,0.00019798832194955,0.8528690901088716
Argentina,35.425,0.057500000000000995,25.75,-0.5666669209798165,0.11997274675,-0.0007560322499999999,0.04230197816094537,0.000999447490189499,1.115793865652085
Armenia,34.667500000000004,-0.3674999999999997,26.34999942779541,-0.3666667938232433,0.15923177075,-0.0009443260000000023,0.05515883002679525,0.0004895064363333746,0.8364166844654082
Australia,24.3425,-0.11249999999999982,14.849999904632568,-0.5666666030883789,0.0855106375,-0.0013612365000000015,0.046758705433155676,0.000983986921265249,1.400606233778
Austria,17.407499999999995,-0.14749999999999996,29.15000057220459,-1.3666667938232422,0.17587087099999998,-0.004560535250000004,0.0521137572938041,0.00048065277148997415,1.403926815834045
Azerbaijan,34.379999999999995,-0.45000000000000107,24.700000762939453,-0.3333333333333333,0.14285382025,-0.0023099947500000023,0.0550422681107074,0.0006687957953436744,1.0813054414081575
Bahamas,14.519999999999996,0.07000000000000023,10.699999809265137,0.09999942779540838,0.084062421,-0.004336891999999995,0.0633926069789191,0.0004006873402777056,1.0288854291877747
Bahrain,37.8725,-0.08000000000000007,15.799999713897705,-0.3999999364217122,0.24045217149999998,0.005244240250000004,0.07652745812182796,0.0013460577160586476,1.397603065252305
Bangladesh,62.4025,0.29250000000000037,37.05000114440918,-1.2333335876464844,0.693428669,0.01064198899999999,0.05728225777429662,0.0003770922941980989,0.5144957438230515
Barbados,12.469999999999999,0.16999999999999987,8.5,-0.3000001907348633,0.07623586299999999,-0.0021173240000000038,0.0561886180549533,0.0024797206009145034,1.0467420132150647
Belarus,14.502500000000001,0.17499999999999977,31.949999809265137,-0.7000001271565743,0.13799614300000002,-0.0018159582500000063,0.051732635571594826,-0.00015277450680925038,1.08952438999176
Belgium,27.535,-0.09250000000000025,24.800000190734863,-0.6000003814697253,0.175246428,-0.0031768060000000042,0.047919982720713974,0.0006522617860326256,1.38024769019127
Belize,28.653333333333336,-0.10333333333333289,8.800000190734863,-0.2999998728434245,0.10746427733333334,-0.002602895999999998,0.05071220168659637,0.00043724637041193487,0.8637117720158893
Benin,44.3925,-0.6174999999999997,7.90000009536743,-0.46666685740152997,0.26063219575,0.0004413659999999986,0.05102982906330865,0.0004115932606744005,0.3726813519334793
Bhutan,126.155,-1.404999999999994,28.249999618530275,0.0,0.4489359625,-0.005633053500000013,0.056611250094014104,-0.00010724690430259984,0.8690581942558291
Bolivia,51.855,-0.3224999999999998,14.400000095367432,-0.8000001907348638,0.15458182975,-0.0020413555000000014,0.03167275335071155,0.00029665421437817443,0.765076641511917
Bosnia and Herzegovina,21.8725,-0.41000000000000014,36.60000038146973,-0.7333335876464844,0.1600738855,-0.003604328249999997,0.055194674764302676,0.0005299723364671997,0.9158673544073106
Botswana,61.1575,-0.8574999999999999,20.75,-0.6333338419596354,0.13105505150000002,0.00042856874999999683,0.05046342304485557,7.986982570282533e-05,1.0567260385894774
Brazil,34.9775,-0.2400000000000002,14.049999713897705,-0.5666666030883784,0.15181187425,-0.0026554597499999985,0.04554537927798598,0.0002476414212922006,1.040533302612305
Bulgaria,20.2925,0.06749999999999984,40.05000114440918,-0.4333330790201823,0.16607312125,-0.003086400000000003,0.0528122525946145,0.00032908132055135125,1.0851697720813749
Burkina Faso,32.5175,-0.06000000000000044,15.949999809265137,-0.7000001271565761,0.185289181,0.003384837249999995,0.04512669656397257,-6.996025171567515e-05,0.31057442839622496
Burundi,61.974999999999994,-0.4275000000000002,13.049999713897705,-0.5666666030883784,0.43019440124999997,-0.00416111475,0.045276051068664905,-0.0001701968298371235,0.06655814216673372
Cambodia,54.97,-0.3800000000000008,23.550000190734863,-1.1000003814697255,0.23977398425,-0.007843658749999996,0.04970480278906037,0.000284994414808051,0.541796274046898
Cameroon,42.86,-0.9349999999999987,7.949999809265137,-0.2999998728434245,0.26124888275,0.002196753250000003,0.04524510890299047,0.00023780756671087398,0.5116938412714005
Canada,23.965,0.009999999999999787,14.700000286102295,-0.733333269755045,0.16145109775,-0.0029184434999999995,0.0450812804295613,0.0003151124539390506,1.393911104068755
Central African Republic,92.98,-0.8599999999999994,13.100000095367431,0.0,0.304915105,-0.03200684500000001,0.0393042613283154,-0.002187734981794698,0.0
Chad,54.3075,-0.432500000000001,8.949999809265137,-0.2999998728434239,0.18182358375000002,0.0025805760000000015,0.047464639947294926,0.00020913027001877478,0.3900207468438147
Chile,27.4,-0.23500000000000032,31.40000057220459,-1.0000006357828763,0.40230712025000004,0.005273219499999995,0.0507278716501329,0.0010738575931658993,1.176908652448655
China,72.7875,-1.9775000000000027,25.800000190734863,-0.06666628519694129,0.6939877452500001,-0.0026778897499999954,0.0524191108841274,0.0007698167470187242,0.997021447639465
Colombia,32.3825,-0.17749999999999844,9.349999904632567,-0.3666664759318028,0.19893756299999998,-0.0017952890000000055,0.03782830586708598,0.0005506600149809502,0.994888081235885
Comoros,40.21,-0.5733333333333329,22.149999618530273,-1.3500003814697266,0.084476934,-0.002077838999999998,0.049119900073099104,0.0002527289230806011,0.25707500000000005
Costa Rica,27.302500000000002,0.30500000000000055,9.800000190734863,-0.46666653951009057,0.1226666725,0.0001667547500000012,0.04686863379147808,0.0004975117174174995,1.036069070653915
Cote d'Ivoire,41.62,-0.5399999999999991,9.699999809265137,-1.4000005722045916,0.198707613,-0.00915706899999999,0.046797347140799,0.0005024392732710034,0.5046820792222023
Croatia,20.4125,-0.46499999999999986,36.39999961853027,0.20000076293945546,0.187192534,-0.005973721250000001,0.05487904868388305,0.0006770729089973261,1.1516465583515174
Cuba,24.29,-0.1700000000000017,18.700000762939453,-3.299999237060547,0.098492301,-0.004122079000000001,0.0593973463912242,0.0002647752460144051,1.199323036474228
Cyprus,34.552499999999995,-0.9375,35.95000076293945,-0.30000050862630206,0.1307352095,-0.0025509955,0.06837394765939135,0.0010234318252105232,1.2779095192432401
Denmark,36.79,-0.22499999999999964,19.600000381469727,-1.0,0.131938765,-0.0010001712500000012,0.05559619388318395,0.0005622614983460256,1.4001607531929026
Dominican Republic,23.435000000000002,-0.35249999999999915,11.549999713897705,-0.4333333969116217,0.132577557,-0.0005520367499999984,0.05257878144844655,0.0005305487426231006,0.9961534591293325
Ecuador,31.2175,-0.07249999999999979,12.200000286102295,-0.3999999364217117,0.17974906925,-0.0015684247499999984,0.04138213905287973,0.00046181070681704933,0.9317250995826725
Egypt,45.9425,-0.7974999999999994,24.34999942779541,0.03333346048991004,0.3379791105,0.0036482734999999937,0.0622978735517895,0.0010393004685966996,0.927612951874733
El Salvador,23.572499999999998,-0.26750000000000007,8.900000095367432,-0.3999999364217122,0.213934655,-0.000984796250000003,0.052115458043150376,0.000639534582573674,0.838506123957634
Eritrea,50.63,-0.7100000000000009,7.699999809265137,-1.0,0.198002785,-0.0027802510000000114,0.0584524947045626,0.00010263824428080603,0.5002193281440735
Estonia,10.692500000000003,-0.07999999999999963,31.899999618530273,-0.9333330790201823,0.1482462065,-0.0009813055000000015,0.054576248543899725,0.00018337673577710142,1.2380648350429526
Eswatini,66.56,-1.3999999999999915,9.300000190734863,-0.5,0.244889717,0.013254946000000016,0.0475115571157521,-0.00019618827322560173,0.5821191214960416
Ethiopia,39.6875,-0.4449999999999985,5.349999904632568,-0.10000006357828772,0.28809180575,0.0012814010000000015,0.04552247715962157,5.2024379573750376e-05,0.28269846136808396
Fiji,74.25,-0.8100000000000023,23.399999618530277,-1.7000007629394496,0.059583104,-0.0004802419999999988,0.0475637845548587,0.0001749401360756006,0.458257940518856
Finland,14.837499999999999,-0.06499999999999995,23.350000381469727,-0.7666664123535156,0.13248816175,-0.0005343680000000003,0.050815610170927075,-5.150425940925006e-05,1.3612004812908174
France,12.875,-0.10749999999999993,33.64999961853027,-0.033334096272786495,0.16444100125,-0.0040050849999999985,0.0525900999142583,0.0007401538618851747,1.349145865478515
Gabon,38.245000000000005,-0.504999999999999,14.919999980926514,0.0,0.19635081999999998,-0.0017723955000000097,0.0428220393089389,5.080666643025167e-05,1.1783601197052
Gambia,48.89,-0.4299999999999997,11.600000381469728,-1.699999809265135,0.17087555199999999,-0.0020394850000000075,0.0539702527521766,0.000257376481038199,0.7796106079988483
Georgia,19.552500000000002,0.037499999999999645,31.850000381469727,-0.099999745686849,0.13659206525,-0.0017070439999999978,0.05321010116700023,0.00030343436833792613,0.8458581660556792
Germany,21.407500000000002,-0.19750000000000068,23.699999809265137,-0.7999998728434257,0.1663804675,-0.003764061249999999,0.05122196196206893,0.0007079580843181756,1.4009283459281925
Ghana,44.332499999999996,-0.6549999999999994,3.8999998569488525,-0.19999996821085608,0.25887372075,-0.0019848230000000036,0.0480597284436414,0.00012953585303197498,0.6089687061071395
Greece,20.105000000000004,-0.08749999999999941,36.20000076293945,-1.1333338419596355,0.1512151705,-0.003537987499999999,0.05991020958217627,0.0005598539834069504,1.2116018702793125
Guatemala,27.4475,-0.08749999999999941,11.300000190734862,-0.20000012715657606,0.23733330074999998,-0.0017329767499999968,0.046371442737308574,0.00046861260482562554,0.8082679864931107
Guinea,55.735,-0.9849999999999994,6.75999994277954,0.0,0.3313864735,-0.010023325999999997,0.05045707241995155,-7.792222596695106e-05,0.23434996504783656
Guinea-Bissau,60.14,-1.259999999999998,9.300000190734863,-1.3999996185302734,0.184210102,0.0056301369999999795,0.0526514481615089,6.042280638290237e-05,0.5564091431506475
Guyana,21.76,-0.18999999999999773,12.600000381469728,-2.5,0.088442929,-0.0016671009999999903,0.0491359302260822,0.004864484259366704,1.3350831026744845
Haiti,56.53,-0.6599999999999984,8.250000238418579,-0.233333428700765,0.15684370274999998,-0.0025688332499999994,0.0576757079494521,0.00039163371089692527,0.3228275657176972
Honduras,72.16499999999999,-1.4949999999999974,13.389999961853029,0.0,0.159393177,0.0004518235000000033,0.0441776733589802,0.0006523066158412999,0.712431558866501
Hungary,31.254999999999995,-0.20000000000000018,32.70000076293945,-0.3333333333333333,0.1730127975,-0.004511312249999996,0.051090672531285276,0.0006015637622355241,1.2048429835701
Iceland,17.810000000000002,0.0899999999999998,13.900000095367432,-0.8666664759318028,0.108355663,-0.001030392750000001,0.05619542816546383,0.0003391904364183993,1.38815325510025
India,129.6375,-1.7200000000000024,30.15000057220459,-1.3666667938232422,0.742584678,0.007631699500000005,0.059445684101449174,0.00019600291430360052,0.7246428120374679
Indonesia,64.4825,-0.7425000000000015,36.95000076293945,0.16666666666666663,0.35774243499999997,-0.06831745075,0.0534676097814284,-8.382801383032505e-05,0.9184621480846404
Iran,28.002499999999998,-0.3250000000000002,14.650000095367432,-0.4333333969116211,0.36128759275,0.009311585250000004,0.061325730327272523,0.0012721055239019261,1.08556327673912
Iraq,16.9025,-0.06750000000000084,18.949999809265137,-0.10000038146972656,0.3008384495,0.0005456075000000028,0.0610912398599373,0.0006460615811645001,1.0432351213645925
Ireland,33.1225,-0.28000000000000114,22.59999942779541,-0.7999998728434233,0.1150572645,-0.0010781987499999986,0.05991031378272803,0.000155477597193001,1.450769159822465
Israel,16.302500000000002,-0.11250000000000071,22.5,-0.5999997456868501,0.371128268,-0.00421753150000001,0.056173496096231276,0.0014108416661540758,1.31065310585022
Italy,16.9025,-0.11249999999999982,23.549999237060547,-0.16666666666666663,0.20637370049999998,-0.010832998250000003,0.055938422577660254,0.0008211779895770741,1.3162891547298425
Jamaica,20.79,-0.04750000000000032,10.349999904632568,-0.4333333969116211,0.13125159649999998,-0.004047314749999999,0.059490820698643476,0.0002654469339727003,0.8620723273658752
Japan,11.567500000000003,-0.07500000000000018,21.600000381469727,-0.7333335876464844,0.1774540615,-0.00534099675,0.058852410660922276,0.0008184190973295237,1.3404312945747374
Jordan,17.695,0.004999999999999893,34.14999961853027,0.2999992370605469,0.29793127524999996,0.0018618027500000027,0.05847217978407685,0.00020918337590359985,0.9279305986070632
Kazakhstan,72.9825,1.800000000000001,24.449999809265137,-0.633333206176759,0.1385641275,-0.0013443442499999972,0.054772762748061476,0.00014222585991217548,1.1948815674114226
Kenya,44.1975,-0.46999999999999886,12.150000095367432,-0.4333333969116211,0.364440399,-7.224074999999386e-05,0.0458769893402892,-2.615526651922502e-05,0.48521486553668974
Kiribati,145.87,-1.5999999999999943,41.70000076293945,-4.700000762939453,0.053002190000000005,-0.0034865850000000004,0.0395600567841087,-0.0002197462604645039,0.3868506334487597
Kuwait,11.879999999999999,0.04750000000000032,18.09999942779541,-0.1333332061767578,0.314762436,0.0035220602500000008,0.0696313360839957,0.0018338264929322022,1.5695781129264825
Kyrgyzstan,41.739999999999995,-0.6600000000000001,28.0,-0.2666664123535168,0.14276511149999999,-0.0002803214999999998,0.05844551581239672,0.00044164653574764977,0.5402350190210343
Laos,78.38333333333334,-0.5999999999999991,34.14999961853027,-1.6499996185302734,0.4962280273333334,0.056450512666666654,0.05110808082300427,0.0002995500582018973,0.6636933333333334
Latvia,10.235,-0.1499999999999999,37.85000038146973,-0.4333330790201823,0.16453326000000001,-0.0023635117499999983,0.05389355787711355,0.0004468994703420003,1.18493715620041
Lebanon,24.47,-0.3550000000000004,38.55000114440918,-0.099999745686849,0.33067437774999997,-0.008556619250000008,0.058862445926600226,0.0009206673813491745,1.0470768826770775
Lesotho,110.24333333333334,-2.0333333333333314,25.0,-0.6000003814697248,0.18783169733333335,0.0006960240000000086,0.05152157493953093,0.00020907836874770044,0.456157082303365
Liberia,30.915,-0.5249999999999995,9.0,-0.40000025431315156,0.20667152449999998,-0.013561147249999995,0.04798335460332862,-0.00017316479712939885,0.09332544826209543
Libya,26.335,0.32000000000000023,22.969999694824217,0.0,0.1380274385,-3.4685000000006516e-05,0.0639008590882863,0.0010025587774529013,1.084341532173155
Lithuania,12.899999999999999,-0.27249999999999996,33.14999961853027,-0.5666669209798177,0.1567234365,-0.0009437189999999956,0.054399131755248575,-1.9828604066600127e-05,1.2320030869674676
Luxembourg,20.36,-0.27249999999999996,22.40000057220459,-0.5333334604899088,0.176256906,-0.0031809865000000034,0.04884805643398042,0.000536290701839949,1.644843399448395
Madagascar,66.5925,-0.5125000000000028,29.84999942779541,-0.96666653951009,0.14466870075,-0.004145897500000002,0.04224740808967255,0.0005507717962947248,0.26389717329263673
Malawi,38.182500000000005,-0.33000000000000007,12.200000286102295,-0.6000000635782884,0.22211013300000002,-0.0032438085000000005,0.04109253174418798,-0.00021567778757895084,0.13064300957441322
Malaysia,32.6425,0.36750000000000055,23.34999942779541,-0.3666667938232433,0.3078798685,-0.05731533899999999,0.05393169486881305,-0.0003844306257847503,1.2071238549423224
Maldives,51.83,-0.0799999999999983,25.899999618530277,-1.7000007629394496,0.10379733,-0.0029250590000000076,0.0561717662665992,0.0024298457549902022,1.4068502354259496
Mali,57.68,-0.16000000000000014,9.25,-0.4333330790201817,0.17279930875,-0.00017504924999999644,0.044502842159401076,-5.66699423774561e-07,0.3549601234579087
Malta,15.765000000000004,-0.11000000000000032,25.399999618530273,-0.599999745686849,0.11659370599999999,-0.0034761042500000006,0.06694309686340645,0.001020588835363677,1.2821249596405024
Marshall Islands,106.09,-1.4899999999999949,28.399999618530277,0.0,0.05787357499999998,-0.004651581000000002,0.0452591504878972,0.0005857205973667998,0.6320808760938048
Mauritania,30.0425,-0.45500000000000007,11.850000381469728,-0.5,0.1161489705,-0.0010904607500000013,0.05309506984580565,0.0002858202175560244,0.5683593221855162
Mauritius,34.845,0.18250000000000094,20.949999809265137,-0.29999987284342566,0.07333542499999998,-0.0035313694999999992,0.049619671013383077,0.0007427067732467749,1.1076813867282875
Mexico,36.545,-0.09999999999999964,14.299999713897705,-0.6000000635782884,0.24664758375,0.0014454892500000015,0.05197890335359605,0.0008023327162236492,1.0817009544658651
Moldova,17.6675,-0.40000000000000036,28.300000190734863,0.2666670481363921,0.1415043235,-0.002861341999999996,0.0556726811570567,0.00013710712149022503,0.6680301575660705
Mongolia,28.1625,-0.11500000000000021,30.100000381469727,-0.3333333333333333,0.144948418,-0.004119093249999997,0.058635896405442325,-1.4262639984150005e-05,0.9394889663982401
Montenegro,10.090000000000003,-0.14000000000000012,32.44999885559082,-0.4333330790201823,0.14579788425,-0.004057263749999998,0.05934304038912815,0.00045988611524479944,1.0477222589874273
Morocco,38.4675,-0.33999999999999986,15.550000190734863,-0.4333337148030605,0.18526348175000001,-0.0015139400000000053,0.05916770699537305,0.0005173377522167,0.8081211452770233
Mozambique,40.49333333333333,-0.45333333333333314,15.900000095367432,-1.0999999046325684,0.143695897,0.0012589659999999916,0.043694303805279895,0.0003360144081670652,0.17179521666526798
Myanmar,121.795,-2.0500000000000007,46.94999885559082,-1.2333335876464868,0.2984121455,-0.007550320249999992,0.047959030834703924,0.0003673097609597012,0.41532763760089875
Namibia,66.36,-0.9100000000000014,15.5,-0.5333334604899088,0.14330925333333333,-0.002194507000000003,0.0478957354382481,-0.00037869133422763446,0.9237681085650126
Nauru,100.71,-2.5700000000000074,49.20000076293945,-2.5999984741210938,0.052925214,-0.0023075070000000003,0.0403213028398362,0.002123651795928695,0.5563761976319948
Nepal,233.55,-0.46750000000000114,33.75,-1.5,0.87247653175,0.016999873,0.0598250158657692,0.0003546939556396747,0.4277625479650498
Netherlands,28.7925,-0.04249999999999954,23.600000381469727,-0.6666666666666666,0.1539563,-0.003162291750000004,0.050339054757965025,0.0007122268739130251,1.41476615884781
New Zealand,27.8375,0.03249999999999975,15.349999904632568,-0.7666667302449545,0.06169515824999999,-0.00045920199999999883,0.046317012048921524,0.0006773929298475503,1.321136512002945
Nicaragua,42.12,-0.4400000000000013,10.149999952316284,0.0,0.1142667115,0.0008830835,0.046112388275482044,2.657416420029715e-05,0.7155696019363404
Niger,53.465,-0.192499999999999,7.75,-0.10000006357828772,0.18594835875,0.0034904762499999987,0.05052782157126678,0.0002811093971819261,0.1237563326895238
Nigeria,35.89,-0.6349999999999998,4.299999952316284,-0.2666665712992349,0.3987997735,0.009707504249999997,0.05264719223901272,0.0004492220256615987,0.719816564025879
North Korea,115.1,-2.4200000000000017,17.799999237060547,-1.8000011444091797,0.620899185,0.008703161999999987,0.0579232056515107,-0.0007465810626102048,0.8482356026010515
Norway,26.96,-0.27500000000000036,18.90000057220459,-1.2000001271565754,0.13315462075,1.6181750000003603e-05,0.0541441977224515,0.00046033024882550025,1.5272257960891724
Oman,28.814999999999998,-1.625,7.8500001430511475,0.09999990463256825,0.16043198349999999,0.0004170245000000017,0.06643277282305829,0.0006112440606038452,1.36011
Pakistan,106.61,-1.8575000000000015,22.199999809265137,-0.9333337148030599,0.75194128975,0.008149450249999995,0.06046445873344795,0.0002464505185865752,0.66561838265419
Palau,108.81,-0.980000000000004,17.899999618530273,-1.5000000000000036,0.071628836,0.007961592000000003,0.0504294595135545,0.003439793272343998,0.9124006776986125
Panama,20.8575,-0.125,5.8500001430511475,-0.36666663487752277,0.12445564225,-0.001177496,0.05219785212385283,0.0005444598216313764,1.1480846089935302
Papua New Guinea,211.39,-1.0800000000000125,39.900001525878906,-2.5999984741210938,0.090057341,-0.0007775909999999941,0.0326341342321303,0.001092660365745901,0.3868506334487597
Paraguay,23.2925,-0.07000000000000028,13.300000190734863,-0.7999998728434239,0.15162940425,-0.0023500537499999974,0.0404697709136971,0.0003552040251959005,0.8552793293190002
Peru,23.3475,-0.6124999999999998,10.09999990463257,-0.9333333969116211,0.14367888025,0.0028305972499999975,0.0413731054046861,-0.00013202663696537485,0.9663588180446625
Philippines,53.54,-0.7149999999999999,24.399999618530277,-0.6666666666666666,0.167322808,-0.008717711499999996,0.05179257311979335,0.00019841020157189936,0.787547303853035
Poland,15.594999999999999,-0.125,25.950000762939453,-0.8333333333333334,0.1671339345,-0.0029951242500000017,0.05121018228498267,0.00018151568307782535,1.2097969656944274
Portugal,23.8375,-0.04750000000000032,25.25,0.03333282470703125,0.16014058525,-0.005068872499999998,0.05675691364703435,0.0009665391245131747,1.234788823719025
Qatar,25.535,-0.6425000000000001,12.099999904632568,-0.0666666030883789,0.24364384675,0.007486358250000005,0.07833228329433678,0.0013499723814456473,1.7586139215087901
Romania,20.725,-0.03000000000000025,29.050000190734863,-0.4333337148030587,0.1654584615,-0.0036404797499999947,0.05182324894448743,0.0004950900523031741,1.1367084778308876
Russia,17.38,-0.3825000000000003,27.699999809265137,-0.39999961853027344,0.15487486425,-0.00125469525,0.050754113520285096,0.00018954137403017456,1.2006745242881776
Rwanda,51.0925,-0.3849999999999998,15.0,-0.5999997456868478,0.546464158,-0.0007738407500000044,0.0465969839602146,-3.9720700256049306e-05,0.31282147330999377
Samoa,83.8,-1.25,25.899999618530277,-2.2000007629394496,0.05133373399999999,-0.0012178710000000023,0.0449267178614482,0.0006481688054515017,0.458257940518856
Sao Tome and Principe,90.13,-1.5,5.800000190734865,-0.39999961853027344,0.108826237,-0.004379377999999989,0.0512712755661205,-0.00024356301863179963,0.7321713235638937
Saudi Arabia,33.7075,-0.6025000000000009,14.199999809265137,0.0,0.16348832475,0.0031618057500000037,0.06611633626726245,0.0007522812559216004,1.4486408887958526
Senegal,43.1825,-0.4800000000000004,7.700000047683716,-0.40000009536743164,0.160368556,-0.00239618925,0.054086011937246325,0.0003182144267796002,0.4291072556066513
Serbia,26.4225,-0.54,40.5,-0.2666676839192732,0.16668672425,-0.00403691875,0.0533867712507749,0.0005958704077663503,0.9998043948173525
Seychelles,32.87,-0.19000000000000483,20.600000381469727,-1.5,0.070318945,-0.0034498870000000126,0.0472693839016843,0.0007305562208856017,0.883135989713669
Sierra Leone,46.0875,-0.40749999999999886,16.200000286102295,-1.2666667302449544,0.35011707375,-0.0391699885,0.051536898542366275,-0.00015491755823442485,0.32987773217916494
Singapore,10.745000000000005,-0.11249999999999982,16.550000190734863,0.03333346048990882,0.25143100325,-0.07108454575,0.0598526659725016,-0.0005220572183081747,1.597171917476655
Slovakia,13.182500000000001,-0.2650000000000001,31.5,0.0,0.17747324949999999,-0.0046283589999999986,0.05049602471423133,0.0005569432299655994,1.2460083893871299
Slovenia,12.645,0.012499999999999734,22.5,-0.13333384195963538,0.20641091150000002,-0.006892367999999996,0.05257367790343355,0.0003331014198318504,1.2611639886379251
Solomon Islands,147.33,-0.04999999999998295,36.79999923706055,-1.1000022888183594,0.05755011200000004,0.001593359000000003,0.0433787325443826,-1.2004338438703632e-05,0.532257676385343
Somalia,68.17,-0.5,13.98000011444092,0.0,0.0914306455,0.00022619500000000542,0.04784809608023245,0.0007804124911384019,0.011321592144668213
South Africa,52.1475,-1.5724999999999998,20.699999809265137,-0.20000012715657434,0.46904439774999995,0.007434203250000007,0.049709114892852596,0.00012324439097302457,0.984837176418305
South Korea,19.2375,-0.1349999999999998,22.59999942779541,-0.7999998728434233,0.55852002825,-0.016990874749999996,0.0567767052522781,0.0009224731157421763,1.317942110738755
South Sudan,41.855000000000004,-0.4499999999999993,10.600000143051147,0.0,0.27088882449999996,-0.020330080500000014,0.0413139718168785,-0.00018537854402489792,0.395594312877655
Spain,29.509999999999998,-0.2525000000000004,28.90000057220459,-0.5333334604899088,0.14339509849999998,-0.005032924750000001,0.0576830018689167,0.0009398094357658242,1.302009466085435
Sri Lanka,72.2975,-2.3500000000000014,22.799999237060547,-0.3333333333333333,0.259713327,0.0027377882499999982,0.05462913145740472,0.0007296538630606753,0.9340675360965726
Sudan,47.224999999999994,-0.9849999999999994,20.25999994277954,0.0,0.14599981299999998,0.0009008854999999899,0.05599759086229875,0.00039673964256595196,0.64510334608078
Suriname,21.78,-0.1400000000000005,22.580000019073488,0.0,0.094492342,-0.0026455520000000093,0.0450493930543732,-0.0022586051610299016,1.09686
Sweden,18.38,-0.03500000000000014,26.34999942779541,-1.03333346048991,0.12646129625,-0.0004621187499999971,0.057523231548264074,0.00032343732527677534,1.40822681725502
Switzerland,15.280000000000001,-0.14749999999999996,25.950000762939453,-0.16666666666666663,0.175968448,-0.006957896999999998,0.051688223941902874,0.000758470339574626,1.477204888305665
Syria,35.584999999999994,-0.0800000000000019,21.539999961853027,0.0,0.24628875700000002,0.0030455970000000114,0.05829338114800085,0.000918468869063948,0.762171567173004
Taiwan,24.96,0.4000000000000021,30.110000038146975,0.0,0.284791306,-0.005601944999999997,0.0570105028377907,-0.002792394413666799,1.39729
Tajikistan,53.480000000000004,-0.07000000000000028,16.279999780654904,0.0,0.179845591,0.0028883024999999955,0.05443342343012445,0.0004954145142670001,0.5065318177223204
Tanzania,32.1575,-0.245000000000001,10.400000095367432,-0.8000001907348638,0.16045408225,-0.003247367000000001,0.04273907021872085,-1.2394449161224426e-05,0.4307214690446853
Thailand,25.3625,-0.14749999999999996,23.300000190734863,-0.5333334604899088,0.33395971175,-0.005480705750000009,0.05161727567305115,0.0004937405935982499,1.05001719288826
Togo,44.9025,-0.46500000000000163,7.649999856948851,-0.36666663487752277,0.257855006,-0.002172631500000001,0.04907922701421652,0.00017461677276427515,0.26358867935180674
Tonga,55.66,-0.7800000000000011,31.100000381469727,-0.5,0.050758729,-0.001031747999999999,0.0512590171390729,0.0008007723601974048,0.7224644661082626
Trinidad and Tobago,15.725000000000001,0.11000000000000026,21.22000002861023,0.0,0.08869891199999998,-0.001736289000000002,0.0538322802972373,0.00042503332691005286,1.3435379503822351
Tunisia,25.165,-0.28000000000000025,25.800000190734863,-0.5333334604899088,0.2019775475,-0.002634804500000004,0.06073282593509535,0.0008675614315692744,0.94140895154953
Turkey,43.7375,-0.9225000000000012,31.0,-0.06666692097981652,0.151461116,-0.0025289492499999955,0.05631176945312525,0.0003524210698381755,1.1430435935020449
Turkmenistan,12.857500000000002,0.16749999999999993,6.25,-0.2999998728434245,0.13604579049999999,-0.0013002525000000015,0.05709644673141085,0.00021350324866285103,1.046354190740585
Uganda,45.345,-0.48249999999999993,9.899999618530273,-0.6666666666666661,0.3625953285,-0.0014365074999999894,0.04715061087146712,3.984406255092514e-05,0.3154101788306237
Ukraine,15.1375,0.12000000000000005,27.300000190734863,-0.7333329518636079,0.14521810275000002,-0.002844034500000002,0.052181921039530475,0.00011097518887847463,0.8398979873514175
United Arab Emirates,48.21,-1.0199999999999996,19.319999980926514,0.0,0.27366039799999997,0.016541287999999987,0.0742595709425007,0.0047053596670962455,1.599931684741975
United Kingdom,36.685,-0.0625,17.699999809265137,-1.0666662851969402,0.144673479,-0.002348052500000003,0.03874164882626392,0.00037904500307980003,1.33870848493576
Uruguay,36.3,-0.2024999999999988,23.149999618530273,-0.7666664123535156,0.08805430625000002,-0.0012544482500000016,0.04656631440525265,0.0006754565641045509,1.1384474238109599
Uzbekistan,29.9425,-0.16500000000000004,18.449999809265137,-0.43333371480305993,0.1670695735,-0.0006384917500000043,0.05273316380680443,0.0005150461967839241,0.7184477719306945
Vanuatu,122.58,-1.3500000000000085,18.200000762939453,-1.1999988555908239,0.05613034,-0.0006577129999999973,0.0502560455337036,0.00047480430491540077,0.7166180675458907
Venezuela,24.16,0.3549999999999986,28.540000343322752,0.0,0.14547480200000001,0.004968801999999996,0.04798792245892305,-0.0001540459711321523,1.1310506004905698
Yemen,52.185,0.062499999999999944,21.149999618530273,-0.4333330790201823,0.178796254,0.007098115250000002,0.0606125967483641,0.00046071279369274895,0.539890861840248
Zambia,43.3925,-0.5400000000000009,15.050000190734863,-0.2999998728434239,0.19783886825,-0.006094487000000003,0.04500953440641703,-5.391827923832514e-05,0.5702016948223115
Zimbabwe,50.650000000000006,-0.5,12.850000381469728,-0.5,0.19254399575,-0.00462235775,0.044923860424616525,8.692895909502563e-05,0.33856413374185557
